<?xml version="1.0"?>
<ObjDef xmlns="http://www.sonicretro.org" Name="Block/Cork" Image="cork" DefaultSubtype="27">
  <Images>
    <ImageFromMappings id="fallingplatform">
      <ArtFile filename="../artnem/lzhdoor.bin"/>
      <MapFile type="ASM" filename="../_maps/obj61.asm" frame="0" startpal="2"/>
    </ImageFromMappings>
    <ImageFromMappings id="wideplatform">
      <ArtFile filename="../artnem/lzptform.bin" offset="3360"/>
      <MapFile type="ASM" filename="../_maps/obj61.asm" frame="1" startpal="2"/>
    </ImageFromMappings>
    <ImageFromMappings id="cork">
      <ArtFile filename="../artnem/lzcork.bin" offset="9024"/>
      <MapFile type="ASM" filename="../_maps/obj61.asm" frame="2" startpal="2"/>
    </ImageFromMappings>
    <ImageFromMappings id="staticplatform">
      <ArtFile filename="../artnem/lzblock1.bin" offset="48960" />
      <MapFile type="ASM" filename="../_maps/obj61.asm" frame="3" startpal="3"/>
    </ImageFromMappings>
  </Images>
  <Subtypes>
    <Subtype id="01" name="Falling Platform" image="fallingplatform"/>
    <Subtype id="13" name="Rising Platform" image="wideplatform"/>
    <Subtype id="27" name="Cork" image="cork"/>
    <Subtype id="30" name="Block" image="staticplatform"/>
  </Subtypes>
</ObjDef>