<?xml version="1.0" encoding="utf-8"?>
<ObjDef xmlns="http://www.sonicretro.org" Name="Rotating Junction">
  <Images>
    <ImageFromMappings id="gap">
      <ArtFile filename="../artnem/sbzwhee2.bin"/>
      <MapFile type="ASM" filename="../_maps/obj66.asm" frame="0" startpal="2" />
    </ImageFromMappings>
    <ImageFromMappings id="circle">
      <ArtFile filename="../artnem/sbzwhee2.bin"/>
      <MapFile type="ASM" filename="../_maps/obj66.asm" frame="16" startpal="2" />
    </ImageFromMappings>
  </Images>
  <DefaultImage>
    <ImageRef image="gap"/>
    <ImageRef image="circle"/>
  </DefaultImage>
  <Display>
    <DisplayOption>
      <ImageRef image="gap"/>
      <ImageRef image="circle"/>
    </DisplayOption>
  </Display>
</ObjDef>