<?xml version="1.0"?>
<ObjDef xmlns="http://www.sonicretro.org" Name="Flapping Door" Image="img1" RememberState="true">
  <Images>
    <ImageFromMappings id="img1">
      <ArtFile filename="../artnem/lzflapdo.bin"/>
      <MapFile type="ASM" filename="../_maps/obj0C.asm" frame="0" startpal="2"/>
    </ImageFromMappings>
  </Images>
  <Properties>
    <BitsProperty name="Delay" displayname="Delay (Seconds)" type="int" startbit="0" length="8" />
  </Properties>
  <Display>
    <DisplayOption>
      <ImageRef image="img1" />
    </DisplayOption>
  </Display>
</ObjDef>