<?xml version="1.0" encoding="utf-8"?>
<ObjDef xmlns="http://www.sonicretro.org" Name="Rotating Platform" Image="img1">
  <Images>
    <ImageFromMappings id="img1">
      <ArtFile filename="LevelArt"/>
      <MapFile type="ASM" filename="../_maps/obj5A.asm" frame="0" startpal="2" />
    </ImageFromMappings>
  </Images>
  <Properties>
    <BitsProperty name="Rotation" type="PlatformRotation" startbit="0" length="1" />
    <BitsProperty name="Delay" displayname="Ahead 90°" type="bool" startbit="1" length="1" />
  </Properties>
  <Enums>
    <Enum name="PlatformRotation">
      <EnumMember name="Counterclockwise" />
      <EnumMember name="Clockwise" />
    </Enum>
  </Enums>
  <Display>
    <DisplayOption>
      <ImageRef image="img1" />
    </DisplayOption>
  </Display>
</ObjDef>