<?xml version="1.0" encoding="utf-8"?>
<ObjDef xmlns="http://www.sonicretro.org" Name="Stairs" Image="img1">
  <Images>
    <ImageFromMappings id="img1">
      <ArtFile filename="LevelArt" />
      <MapFile type="ASM" filename="../_maps/obj5B.asm" frame="0" startpal="2" />
    </ImageFromMappings>
  </Images>
  <Subtypes>
    <Subtype id="00" name="Moves down after you stand on it" image="img1" />
    <Subtype id="01" name="Moves down automatically" image="img1" />
    <Subtype id="02" name="Moves down after you tap it from below" image="img1" />
  </Subtypes>
  <Display>
    <DisplayOption>
      <ImageRef image="img1" xflip="NeverFlip" />
      <ImageRef image="img1" xflip="NeverFlip">
        <Offset X="32" />
      </ImageRef>
      <ImageRef image="img1" xflip="NeverFlip">
        <Offset X="64" />
      </ImageRef>
      <ImageRef image="img1" xflip="NeverFlip">
        <Offset X="96" />
      </ImageRef>
    </DisplayOption>
  </Display>
</ObjDef>